id,created,first_name,last_name,email,picture,address,username,role,password
0817b823-cb78-11ec-8ee9-56000233e9ec,"2022-05-04 03:01:33",a,aa,aaa@a.aa,assets/uploads/maxresdefault.jpg,,aaa,00d55355-c58d-11ec-8e94-56000233e9ec,$2y$10$WxS.uyPXt5Qtm4imyGeHZuebHxB8jm5iZjgmoerI6Xf3PdrbiEcS.
1797c35d-c790-11ec-8ee9-56000233e9ec,"2022-04-29 03:43:42",Mr.,Snail,antenna@food.mine,assets/uploads/Gold_Mystery_Snail_9_1024x1024.jpg,"Salt Creek in Copper Haven",SnailMan,00bc5329-c58d-11ec-8e94-56000233e9ec,$2y$10$JAynuucRF3RfRFTarReAHOTd4HqM8XP8crcNbLSTOW3qDXhWDpYtm
4f353469-c7f7-11ec-8ee9-56000233e9ec,"2022-04-29 16:02:34",Bill,Gates,sadad@sdfsdrf,assets/uploads/Rodent_SmallPaint.jpg,,777,00d55355-c58d-11ec-8e94-56000233e9ec,$2y$10$rxFozfbPsMCgXYfa0Ta0TORuIRTvE7vZcCu9SQdCY2.A3oqC0XdJi
59a8fef0-cfe0-11ec-bad9-56000233e9ec,"2022-05-09 17:38:22",teacher,teacherZZZ,teacher@teacher.teacher,,,teacher,00d55355-c58d-11ec-8e94-56000233e9ec,$2y$10$DAkr9TzfiCzveixLSHUb/Om.HJvO719ul16Maqu7rqsqeQi9pXfbu
66b6bb99-c7ff-11ec-8ee9-56000233e9ec,"2022-04-29 17:00:29","test account",account,test@asdd,https://d2h3d42vkj4fuu.cloudfront.net/55b118f52440c19bf01f4b0893a79904,,7777,00bc5329-c58d-11ec-8e94-56000233e9ec,$2y$10$k7Iqp8jv5lObVUREDTS3j.NHU1HjYJgPcfa8owLCz/7qLgHdCpGoS
67413bcb-c4fb-11ec-8e94-56000233e9ec,"2022-04-25 20:54:18",Matheo,Maco,test@test.com,https://d2h3d42vkj4fuu.cloudfront.net/9540a138ef1b898e55e13a4360a7afd9,,supertest1,00d55355-c58d-11ec-8e94-56000233e9ec,$2y$10$6O3nbBaMPtuQrATQS9Y/l.y7q5E65bacoMgdW6BgOy1OLGNmh598O
69022962-c596-11ec-8e94-56000233e9ec,"2022-04-26 15:23:53",Gavin,Gray,datgoprolife@gmail.com,https://d2h3d42vkj4fuu.cloudfront.net/0d73ab9815c9c3b350bec4a55b8a5ccb,,gg,00d55355-c58d-11ec-8e94-56000233e9ec,$2y$10$9ZbGSz3EQp4ZvXVAD6MKAO6Mn9FFatlUesGUrmQyNqFazBHoIwGJW
a63b806c-c65a-11ec-8ee9-56000233e9ec,"2022-04-27 14:48:37",Gavin,Gray,weeee@gmial.com,https://d2h3d42vkj4fuu.cloudfront.net/8e74b6bd0c93f794f058f39924981d46,,gg32,00bc5329-c58d-11ec-8e94-56000233e9ec,$2y$10$0usXHyCx28Tkcr9H/J2Qve/yYo80iQNRn4v9J1Vxdj0j3yWyb/l2O
af75f993-c9c3-11ec-8ee9-56000233e9ec,"2022-05-01 22:58:04",matheo,dadude,test@testman.com,assets/uploads/techservicesinterfacediagram.png,,matheo,00bc5329-c58d-11ec-8e94-56000233e9ec,$2y$10$8V5qNPUx9qVHeQI9XkuyS.hqnasEN.Crn1HBPe.gHWexqyCuUI/J2
b47d80d2-d310-11ec-bad9-56000233e9ec,"2022-05-13 19:02:04",Isaac,Estrada,sdadawd@yahoo.com,assets/uploads/database_image.jpg,,IsaacUser,00bc5329-c58d-11ec-8e94-56000233e9ec,$2y$10$3FVvOEC9NImZzpmA7mMJOOpgAJU.JRaJM15QL.ZYMnn8qRa1wSAj6
bda198ab-c342-11ec-8e94-56000233e9ec,"2022-04-23 16:19:55",Isaac,Estrada,Jsjsjfjejjd@xdsad,https://d2h3d42vkj4fuu.cloudfront.net/bfd5f2286074c86c4c9fa8c5b982ec92,,socalisaac,00d55355-c58d-11ec-8e94-56000233e9ec,$2y$10$fmPHX7KvmfHeqLUIHHHpmuPLes.5y2gweUjiEo0rUv2EIFp3tkkYC
ca6df854-c9c6-11ec-8ee9-56000233e9ec,"2022-05-01 23:20:17",Admin,Admin-last-name,test@gmail.com,https://images.all-free-download.com/images/graphicwebp/user_90302.webp,,Admin,00d55355-c58d-11ec-8e94-56000233e9ec,$2y$10$GrgPrZ/FuDnwnug4qCHstuaBI0AICOj4nCjh9oHtesI630jj6KYra
d53b0c43-c343-11ec-8e94-56000233e9ec,"2022-04-23 16:27:44",hawk7,yo,picard@starfleet.com,https://d2h3d42vkj4fuu.cloudfront.net/af968799de3735d47a1aec1aea246a66,,hello,00bc5329-c58d-11ec-8e94-56000233e9ec,$2y$10$83U67w.TsRS22rwRxzp3duod7IYHfYS..YqmILPp7QoLyXTyEihR2
e4838c65-c9ce-11ec-8ee9-56000233e9ec,"2022-05-02 00:18:17",user,user,fdsfdsfsdfsd,https://d2h3d42vkj4fuu.cloudfront.net/d1829ac04c89c7952111815918fdc38d,,user,00bc5329-c58d-11ec-8e94-56000233e9ec,$2y$10$V8ZTXrVdRBcqMMX1l.ENa.1CT5LjqLsZfY8D8Ua14Coe68WF.5IQa
